VendorName|AddressID|VendorPhoneNumber|VendorEmail|IsActive
Zieme-Tremblay|1|445-678-1684|mtruett0@slashdot.org|1
Littel LLC|2|503-233-3334|ybulman1@smugmug.com|1
Johnston LLC|3|656-724-6173|hthebes2@cam.ac.uk|1
Runolfsdottir-Crona|4|675-456-4453|newers3@wikipedia.org|1
Wunsch-Yundt|5|144-855-3278|jlohmeyer4@sphinn.com|1
Hammes Inc|6|131-293-3335|lprivost5@skyrock.com|1
Beier-Fritsch|7|781-633-7579|smcamish6@friendfeed.com|1
Harber-Witting|8|965-284-1485|wbaiss7@ibm.com|1
Monahan-Lueilwitz|9|977-964-3726|cbraime8@deviantart.com|1
Wehner-Jerde|10|610-536-3760|dwysome9@twitter.com|1
VonRueden Inc|11|700-741-8904|aveltena@slate.com|1
Swift, Strosin and Cormier|12|453-916-4633|ckeoghb@ihg.com|1
Leannon, Greenfelder and Wisoky|13|658-354-2604|wgriegerc@upenn.edu|1
Johns and Sons|14|209-777-9302|jcoffeltd@wikia.com|1
O'Reilly Group|15|606-471-5369|cdearthe@arizona.edu|1
Rath-Murazik|16|376-691-2769|rgandarf@ovh.net|1
Lowe and Sons|17|168-279-4197|mabbadog@ask.com|1
Morissette LLC|18|376-108-6938|echateleth@printfriendly.com|1
Grady LLC|19|993-740-3617|twombwelli@toplist.cz|1
MacGyver, Terry and Witting|20|979-223-6364|dsabathej@dagondesign.com|1
Morar Group|21|813-563-1747|nsimonettk@google.com|1
Fay-Kub|22|308-545-9858|elocketl@hostgator.com|1
Hickle-Krajcik|23|950-957-8409|psatterfittm@sogou.com|1
Dooley-Schaden|24|425-858-6325|ljellicon@t.co|1
Mohr, Schroeder and Bradtke|25|829-602-8928|chymoro@cnbc.com|1
Douglas Group|26|732-235-9078|lofahertyp@last.fm|1
Dibbert and Sons|27|833-117-4752|pwildorq@umn.edu|1
Turcotte-Farrell|28|550-365-9896|genrricor@weebly.com|1
Jacobson Inc|29|320-295-3867|dmachels@wordpress.com|1
Hauck, Kovacek and Grady|30|462-380-6616|jgammont@harvard.edu|1
Howell Inc|31|113-120-7749|fvernallu@virginia.edu|1
Beatty and Sons|32|706-374-8212|rcurringtonv@xrea.com|1
Murazik-Kulas|33|767-815-5101|baggliow@xing.com|1
Bogan Group|34|160-412-5652|jwoodmanx@google.com|1
Reichert-Crist|35|975-652-3228|modowlingy@multiply.com|1
Abernathy-Carroll|36|589-402-3605|scrosoerz@linkedin.com|1
Stanton, Hettinger and Gislason|37|500-992-8283|ccraufurd10@nih.gov|1
Witting, Upton and Torp|38|677-825-0756|mpimer11@theatlantic.com|1
Hilpert, Keebler and Senger|39|293-810-7767|mbusfield12@scientificamerican.com|1
Gerhold, Kuvalis and Gleichner|40|253-572-6427|dnestor13@ucla.edu|1
Kulas Group|41|697-319-1763|jjurs14@over-blog.com|1
Farrell, Carter and Abshire|42|625-152-0213|rdellascala15@aboutads.info|1
Conn, Rippin and Fisher|43|633-262-3399|rcahill16@4shared.com|1
Simonis Inc|44|410-279-7351|mmccahey17@mashable.com|1
Lind-Jerde|45|804-280-3236|dfeldharker18@oaic.gov.au|1
Parisian, Armstrong and Schroeder|46|586-372-0318|cbaudinelli19@examiner.com|1
Zieme and Sons|47|275-160-7584|gwillowby1a@wisc.edu|1
Kirlin LLC|48|681-895-9980|lpantecost1b@ifeng.com|1
Abshire, Little and Renner|49|688-204-9471|rduggleby1c@hc360.com|1
Gorczany, Keebler and Blick|50|745-601-5885|lhutten1d@rediff.com|1
Klocko-Breitenberg|51|670-851-8200|lbeswick1e@newsvine.com|1
Reilly, Fahey and Tromp|52|385-227-6553|cgoch1f@princeton.edu|1
Ullrich, Bruen and Tillman|53|347-683-1535|hbassingham1g@arizona.edu|1
Prosacco-Jacobson|54|732-179-1143|ctraite1h@java.com|1
Spencer, Hauck and Berge|55|221-379-0957|kstevani1i@dedecms.com|1
Herman-Predovic|56|827-313-1194|thaberfield1j@domainmarket.com|1
Wisozk, Johnston and Von|57|583-846-4513|jmackerel1k@cornell.edu|1
Wintheiser, Mertz and Keebler|58|124-675-0567|cfrankum1l@intel.com|1
Upton-Swaniawski|59|863-290-0116|lfreddi1m@sfgate.com|1
Johnston Inc|60|657-806-9861|cdesforges1n@tinypic.com|1
Kuhn LLC|61|866-480-9361|hleeb1o@plala.or.jp|1
Howe LLC|62|307-523-3757|hrosewell1p@flickr.com|1
Koch Inc|63|450-979-3427|wfortune1q@themeforest.net|1
Greenfelder Inc|64|427-534-9543|wcunningham1r@nydailynews.com|1
Homenick LLC|65|665-653-9773|nallnutt1s@omniture.com|1
Farrell, Borer and Leuschke|66|743-599-3295|kkears1t@auda.org.au|1
Halvorson, Romaguera and Simonis|67|387-160-0986|bberthelmot1u@instagram.com|1
McDermott Group|68|474-720-3966|glaroux1v@w3.org|1
Hamill-Grimes|69|432-225-4839|lyurocjhin1w@rakuten.co.jp|1
Russel Inc|70|205-165-4372|mjodlowski1x@xinhuanet.com|1
Kohler, Schaden and Hartmann|71|806-576-8727|gfulks1y@ovh.net|1
O'Reilly-D'Amore|72|185-585-7966|kstilgoe1z@hubpages.com|1
Wolff, Bosco and Casper|73|103-447-0920|srostron20@comsenz.com|1
Franecki and Sons|74|942-723-1074|bsthill21@hibu.com|1
Kuhlman, Parisian and Lowe|75|861-962-7135|dplatt22@pinterest.com|1
Satterfield-Bashirian|76|208-930-6236|dmcgurgan23@addtoany.com|1
Stanton-Ebert|77|350-606-9084|ipead24@blog.com|1
O'Reilly-Murphy|78|601-782-2895|jreicherz25@usnews.com|1
Mitchell and Sons|79|722-781-3901|cmelross26@java.com|1
Rolfson, Boyer and Koch|80|154-691-8075|bbenford27@china.com.cn|1
Thiel-Walter|81|252-503-1031|iroocroft28@dagondesign.com|1
Luettgen Inc|82|446-645-9158|tsurgey29@elegantthemes.com|1
Blanda-Kuphal|83|356-190-5869|rheggman2a@pinterest.com|1
Johnson-Denesik|84|487-838-4983|pphebee2b@alexa.com|1
O'Hara, Kertzmann and Hegmann|85|725-484-0022|kwykes2c@mac.com|1
Weimann Group|86|973-333-8338|dghiriardelli2d@artisteer.com|1
Macejkovic-Nienow|87|937-384-5688|tkiln2e@scribd.com|1
Koch-Schmidt|88|923-806-0319|ccordelette2f@prweb.com|1
Flatley-Leannon|89|229-969-3922|mmcgoogan2g@craigslist.org|1
Pollich-Blick|90|240-939-0221|tbarnard2h@jugem.jp|1
Toy LLC|91|412-700-9701|mfozard2i@hc360.com|1
Bergstrom LLC|92|991-590-8887|abenaine2j@tripadvisor.com|1
Zieme Inc|93|553-934-5679|rsneller2k@weibo.com|1
McDermott, Boehm and Mohr|94|244-836-3490|rrawstron2l@yellowbook.com|1
Schaefer and Sons|95|157-975-0808|pmcnalley2m@nyu.edu|1
Rice-Oberbrunner|96|604-471-6087|melden2n@google.com.br|1
Hodkiewicz, Mertz and Mayer|97|188-527-7409|gmcgougan2o@nyu.edu|1
Bartell-Reinger|98|968-851-7536|trenshaw2p@comsenz.com|1
Wisoky LLC|99|267-653-4130|dsimonassi2q@ibm.com|1
Wehner, McClure and O'Conner|100|356-825-4496|dbidgood2r@symantec.com|1
